Source,Target
sonotherapie-adaptee-enfants,sonotherapie-benefices-domicile
sonotherapie-comment-bain-gong-reduit-stress-anxiete,sonotherapie-origines-tradition-bain-gong
sonotherapie-nuit-gong-purification-guerison,sonotherapie-nuit-gong-equilibrer-chakras-energies
sonotherapie-attenuation-symptomes-depression,sonotherapie-comprendre-principes-mecanismes
sonotherapie-guide-complet-tout-savoir,sonotherapie-problemes-traiter-efficacement
sonotherapie-bienfaits-sante,sonotherapie-effets-long-terme-equilibre-emotionnel
sonotherapie-instruments-utiliser-gongs-bols,sonotherapie-questions-poser-avant-commencer
sonotherapie-athletes-peuvent-ameliorer-recuperation,sonotherapie-guide-complet-tout-savoir
sonotherapie-integrer-pratique-routine-etre,sonotherapie-benefices-domicile
sonotherapie-comment-favorise-detente-mentale,sonotherapie-comprendre-principes-mecanismes
sonotherapie-gestion-douleur-fonctionnement,sonotherapie-guide-complet-tout-savoir
sonotherapie-guide-complet-tout-savoir,sonotherapie-impact-emotions-resilience
sonotherapie-integrer-pratique-routine-etre,sonotherapie-pratiquer-domicile
sonotherapie-nuit-gong-purification-guerison,sonotherapie-bain-gong-relaxation-profonde-explications
sonotherapie-combiner-voyage-sonore-yoga,sonotherapie-comment-voyage-sonore-apaise-esprit
sonotherapie-deroulement-seance-bain-gong,sonotherapie-bienfaits-nuit-gong-relaxation-guerison
sonotherapie-effectuer-seances-etre,sonotherapie-etablir-routine-apaisante-domicile
sonotherapie-effectuer-seances-etre,sonotherapie-comprendre-principes-mecanismes
sonotherapie-meilleur-environnement-nuit-gong,sonotherapie-bienfaits-nuit-gong-sommeil
sonotherapie-influence-frequences-sonores-etre,sonotherapie-bienfaits-voyage-sonore
sonotherapie-voyages-sonores-ameliorent-concentration,sonotherapie-influence-voyage-sonore-productivite
sonotherapie-beneficier-seance,sonotherapie-benefices-domicile
sonotherapie-comment-nuit-gong-influence-humeur-energie,sonotherapie-bienfaits-bain-gong-etre-mental
sonotherapie-nuit-gong-equilibrer-chakras-energies,sonotherapie-combiner-nuit-gong-relaxation-bon
sonotherapie-instruments-utiliser-gongs-bols,sonotherapie-outils-essentiels-seance-maison
sonotherapie-adaptee-enfants,sonotherapie-guide-complet-tout-savoir
sonotherapie-athletes-peuvent-ameliorer-recuperation,sonotherapie-comment-favorise-detente-mentale
sonotherapie-bienfaits-sante,sonotherapie-problemes-traiter-efficacement
sonotherapie-questions-poser-avant-commencer,sonotherapie-problemes-traiter-efficacement
sonotherapie-integrer-pratique-routine-etre,sonotherapie-guide-complet-tout-savoir
sonotherapie-gestion-douleur-fonctionnement,sonotherapie-integrer-pratique-routine-etre
sonotherapie-influence-frequences-sonores-etre,sonotherapie-comprendre-principes-mecanismes
sonotherapie-combiner-voyage-sonore-yoga,sonotherapie-voyages-sonores-ameliorent-concentration
sonotherapie-bain-gong-detoxification-corps,sonotherapie-effets-vibrations-gong-relaxation
sonotherapie-etre-benefique-femmes-enceintes,sonotherapie-problemes-traiter-efficacement
sonotherapie-effets-bain-gong-cycle-sommeil,sonotherapie-effets-vibrations-gong-relaxation
sonotherapie-effets-systeme-immunitaire-expliques,sonotherapie-integrer-pratique-routine-etre
sonotherapie-impact-emotions-resilience,sonotherapie-guide-complet-tout-savoir
sonotherapie-influence-frequences-sonores-etre,sonotherapie-bienfaits-sante
sonotherapie-comment-favorise-detente-mentale,sonotherapie-instruments-utiliser-gongs-bols
sonotherapie-effets-voyages-sonores-emotions,sonotherapie-integrer-voyage-sonore-routine
sonotherapie-adaptee-enfants,sonotherapie-integrer-pratique-routine-etre
sonotherapie-comment-voyage-sonore-apaise-esprit,sonotherapie-voyage-sonore-bienfaits-essentiels
sonotherapie-bain-gong-origine-bienfaits-usages,sonotherapie-effets-bain-gong-cycle-sommeil
sonotherapie-bain-gong-relaxation-profonde-explications,sonotherapie-bienfaits-nuit-gong-relaxation-guerison
sonotherapie-voyage-sonore-bienfaits-essentiels,sonotherapie-comment-voyage-sonore-apaise-esprit
sonotherapie-deroulement-seance-bain-gong,sonotherapie-meilleur-environnement-nuit-gong
sonotherapie-deroulement-seance-voyage-sonore,sonotherapie-integrer-pratique-routine-etre
sonotherapie-effectuer-seances-etre,sonotherapie-benefices-domicile
sonotherapie-deroulement-seance-bain-gong,sonotherapie-comment-bain-gong-reduit-stress-anxiete
sonotherapie-bain-gong-relaxation-profonde-explications,sonotherapie-comment-bain-gong-ameliore-concentration
sonotherapie-soulagement-douleurs-bain-gong,sonotherapie-bienfaits-nuit-gong-relaxation-guerison
sonotherapie-nuit-gong-purification-guerison,sonotherapie-comment-nuit-gong-influence-humeur-energie
sonotherapie-nuit-gong-equilibrer-chakras-energies,sonotherapie-etapes-activites-nuit-gong
sonotherapie-attenuation-symptomes-depression,sonotherapie-guide-complet-tout-savoir
sonotherapie-precautions-pratique-domicile,sonotherapie-questions-poser-avant-commencer
sonotherapie-outils-essentiels-seance-maison,sonotherapie-integrer-pratique-routine-etre
sonotherapie-types-gongs-effets-bains-gong,sonotherapie-effets-bain-gong-cycle-sommeil
sonotherapie-comment-favorise-detente-mentale,sonotherapie-guide-complet-tout-savoir
sonotherapie-etablir-routine-apaisante-domicile,sonotherapie-questions-poser-avant-commencer
sonotherapie-gestion-douleur-fonctionnement,sonotherapie-voyage-sonore-attenuer-douleurs
sonotherapie-voyage-sonore-bienfaits-essentiels,sonotherapie-voyages-sonores-ameliorent-concentration
sonotherapie-effets-systeme-immunitaire-expliques,sonotherapie-questions-poser-avant-commencer
sonotherapie-voyage-sonore-attenuer-douleurs,sonotherapie-voyage-sonore-bienfaits-essentiels
sonotherapie-benefices-domicile,sonotherapie-integrer-pratique-routine-etre
sonotherapie-gestion-douleur-fonctionnement,sonotherapie-comprendre-principes-mecanismes
sonotherapie-combiner-nuit-gong-relaxation-bon,sonotherapie-bienfaits-nuit-gong-sommeil
sonotherapie-origines-tradition-bain-gong,sonotherapie-comment-bain-gong-debloque-potentiel-creatif
sonotherapie-completer-traitements-medicaux,sonotherapie-athletes-peuvent-ameliorer-recuperation
sonotherapie-deroulement-seance-bain-gong,sonotherapie-etapes-activites-nuit-gong
sonotherapie-beneficier-seance,sonotherapie-integrer-pratique-routine-etre
sonotherapie-combiner-meditation-sons-therapeutiques,sonotherapie-completer-traitements-medicaux
sonotherapie-effets-vibrations-gong-relaxation,sonotherapie-comment-bain-gong-reduit-stress-anxiete
sonotherapie-effets-voyages-sonores-emotions,sonotherapie-comprendre-principes-mecanismes
sonotherapie-voyages-sonores-ameliorent-concentration,sonotherapie-integrer-voyage-sonore-routine
sonotherapie-deroulement-seance-bain-gong,sonotherapie-precautions-prendre-avant-voyage-sonore
sonotherapie-instruments-utiliser-gongs-bols,sonotherapie-guide-complet-tout-savoir
sonotherapie-types-gongs-effets-bains-gong,sonotherapie-bain-gong-detoxification-corps
sonotherapie-comment-nuit-gong-influence-humeur-energie,sonotherapie-nuit-gong-purification-guerison
sonotherapie-effets-systeme-immunitaire-expliques,sonotherapie-comprendre-principes-mecanismes
sonotherapie-nuit-gong-equilibrer-chakras-energies,sonotherapie-signification-culturelle-nuit-gong
sonotherapie-effectuer-seances-etre,sonotherapie-guide-complet-tout-savoir
sonotherapie-bain-gong-relaxation-profonde-explications,sonotherapie-comment-bain-gong-reduit-stress-anxiete
sonotherapie-athletes-peuvent-ameliorer-recuperation,sonotherapie-problemes-traiter-efficacement
sonotherapie-deroulement-seance-voyage-sonore,sonotherapie-voyage-sonore-attenuer-douleurs
sonotherapie-outils-essentiels-seance-maison,sonotherapie-questions-poser-avant-commencer
sonotherapie-gestion-douleur-fonctionnement,sonotherapie-problemes-traiter-efficacement
sonotherapie-influence-frequences-sonores-etre,sonotherapie-guide-complet-tout-savoir
sonotherapie-effets-bain-gong-cycle-sommeil,sonotherapie-bienfaits-nuit-gong-relaxation-guerison
sonotherapie-deroulement-seance-bain-gong,sonotherapie-outils-essentiels-seance-maison
sonotherapie-benefices-domicile,sonotherapie-questions-poser-avant-commencer
sonotherapie-etapes-activites-nuit-gong,sonotherapie-nuit-gong-equilibrer-chakras-energies
sonotherapie-problemes-traiter-efficacement,sonotherapie-athletes-peuvent-ameliorer-recuperation
sonotherapie-problemes-traiter-efficacement,sonotherapie-attenuation-symptomes-depression
sonotherapie-adaptee-enfants,sonotherapie-problemes-traiter-efficacement
sonotherapie-types-gongs-effets-bains-gong,sonotherapie-effets-vibrations-gong-relaxation
sonotherapie-precautions-prendre-avant-voyage-sonore,sonotherapie-effets-voyages-sonores-emotions
sonotherapie-bienfaits-nuit-gong-sommeil,sonotherapie-combiner-nuit-gong-relaxation-bon
sonotherapie-bienfaits-voyage-sonore-immunite,sonotherapie-integrer-voyage-sonore-routine
sonotherapie-deroulement-seance-voyage-sonore,sonotherapie-problemes-traiter-efficacement
sonotherapie-attenuation-symptomes-depression,sonotherapie-effets-long-terme-equilibre-emotionnel
sonotherapie-guide-complet-tout-savoir,sonotherapie-athletes-peuvent-ameliorer-recuperation
sonotherapie-integrer-pratique-routine-etre,sonotherapie-impact-emotions-resilience
sonotherapie-impact-emotions-resilience,sonotherapie-problemes-traiter-efficacement
sonotherapie-deroulement-seance-bain-gong,sonotherapie-comment-bain-gong-debloque-potentiel-creatif
sonotherapie-bienfaits-sante,sonotherapie-bienfaits-voyage-sonore-immunite
sonotherapie-bain-gong-detoxification-corps,sonotherapie-bain-gong-origine-bienfaits-usages
sonotherapie-comment-bain-gong-ameliore-concentration,sonotherapie-bain-gong-origine-bienfaits-usages
sonotherapie-deroulement-seance-bain-gong,sonotherapie-pratiquer-domicile
sonotherapie-origines-tradition-bain-gong,sonotherapie-comment-bain-gong-reduit-stress-anxiete
sonotherapie-problemes-traiter-efficacement,sonotherapie-gestion-douleur-fonctionnement
sonotherapie-adaptee-enfants,sonotherapie-pratiquer-domicile
sonotherapie-effets-bain-gong-cycle-sommeil,sonotherapie-bain-gong-origine-bienfaits-usages
sonotherapie-precautions-pratique-domicile,sonotherapie-guide-complet-tout-savoir
sonotherapie-influence-voyage-sonore-productivite,sonotherapie-voyage-sonore-attenuer-douleurs
sonotherapie-meilleur-environnement-nuit-gong,sonotherapie-nuit-gong-equilibrer-chakras-energies
sonotherapie-questions-poser-avant-commencer,sonotherapie-precautions-pratique-domicile
sonotherapie-effets-systeme-immunitaire-expliques,sonotherapie-guide-complet-tout-savoir
sonotherapie-attenuation-symptomes-depression,sonotherapie-problemes-traiter-efficacement
sonotherapie-origines-tradition-bain-gong,sonotherapie-etapes-activites-nuit-gong
sonotherapie-bienfaits-sante,sonotherapie-bienfaits-voyage-sonore
sonotherapie-effets-long-terme-equilibre-emotionnel,sonotherapie-guide-complet-tout-savoir
sonotherapie-bienfaits-bain-gong-etre-mental,sonotherapie-effets-vibrations-gong-relaxation
sonotherapie-bienfaits-nuit-gong-sommeil,sonotherapie-etapes-activites-nuit-gong
sonotherapie-comment-favorise-detente-mentale,sonotherapie-problemes-traiter-efficacement
sonotherapie-deroulement-seance-voyage-sonore,sonotherapie-effets-voyages-sonores-emotions
sonotherapie-bienfaits-voyage-sonore-immunite,sonotherapie-bienfaits-sante
sonotherapie-combiner-nuit-gong-relaxation-bon,sonotherapie-bienfaits-bain-gong-etre-mental
sonotherapie-precautions-pratique-domicile,sonotherapie-integrer-pratique-routine-etre
sonotherapie-effets-vibrations-gong-relaxation,sonotherapie-bain-gong-relaxation-profonde-explications
sonotherapie-bain-gong-detoxification-corps,sonotherapie-origines-tradition-bain-gong
sonotherapie-benefices-domicile,sonotherapie-beneficier-seance
sonotherapie-comprendre-principes-mecanismes,sonotherapie-comment-favorise-detente-mentale
sonotherapie-deroulement-seance-bain-gong,sonotherapie-amenager-espace-soin-maison
sonotherapie-voyages-sonores-ameliorent-concentration,sonotherapie-combiner-voyage-sonore-yoga
sonotherapie-etablir-routine-apaisante-domicile,sonotherapie-integrer-pratique-routine-etre
sonotherapie-signification-culturelle-nuit-gong,sonotherapie-bienfaits-nuit-gong-sommeil
sonotherapie-etapes-activites-nuit-gong,sonotherapie-comment-nuit-gong-influence-humeur-energie
sonotherapie-bienfaits-nuit-gong-sommeil,sonotherapie-bienfaits-bain-gong-etre-mental
sonotherapie-outils-essentiels-seance-maison,sonotherapie-guide-complet-tout-savoir
sonotherapie-effectuer-seances-etre,sonotherapie-problemes-traiter-efficacement
sonotherapie-bienfaits-voyage-sonore,sonotherapie-bienfaits-sante
sonotherapie-comment-bain-gong-debloque-potentiel-creatif,sonotherapie-bain-gong-origine-bienfaits-usages
sonotherapie-instruments-utiliser-gongs-bols,sonotherapie-impact-emotions-resilience
sonotherapie-effets-long-terme-equilibre-emotionnel,sonotherapie-comment-favorise-detente-mentale
sonotherapie-precautions-prendre-avant-voyage-sonore,sonotherapie-voyage-sonore-attenuer-douleurs
sonotherapie-questions-poser-avant-commencer,sonotherapie-effectuer-seances-etre
sonotherapie-comment-bain-gong-reduit-stress-anxiete,sonotherapie-bain-gong-relaxation-profonde-explications
sonotherapie-beneficier-seance,sonotherapie-guide-complet-tout-savoir
sonotherapie-soulagement-douleurs-bain-gong,sonotherapie-bain-gong-relaxation-profonde-explications
sonotherapie-effets-voyages-sonores-emotions,sonotherapie-voyage-sonore-bienfaits-essentiels
sonotherapie-bain-gong-origine-bienfaits-usages,sonotherapie-comment-bain-gong-reduit-stress-anxiete
sonotherapie-deroulement-seance-bain-gong,sonotherapie-effets-bain-gong-cycle-sommeil
sonotherapie-integrer-voyage-sonore-routine,sonotherapie-voyage-sonore-attenuer-douleurs
sonotherapie-combiner-nuit-gong-relaxation-bon,sonotherapie-nuit-gong-equilibrer-chakras-energies
sonotherapie-deroulement-seance-bain-gong,sonotherapie-voyage-sonore-bienfaits-essentiels
sonotherapie-etre-benefique-femmes-enceintes,sonotherapie-benefices-domicile
sonotherapie-effets-long-terme-equilibre-emotionnel,sonotherapie-questions-poser-avant-commencer
sonotherapie-comment-bain-gong-debloque-potentiel-creatif,sonotherapie-origines-tradition-bain-gong
sonotherapie-meilleur-environnement-nuit-gong,sonotherapie-comment-nuit-gong-influence-humeur-energie
sonotherapie-influence-voyage-sonore-productivite,sonotherapie-effets-voyages-sonores-emotions
sonotherapie-completer-traitements-medicaux,sonotherapie-comprendre-principes-mecanismes
sonotherapie-deroulement-seance-bain-gong,sonotherapie-bain-gong-detoxification-corps
sonotherapie-combiner-nuit-gong-relaxation-bon,sonotherapie-bain-gong-relaxation-profonde-explications
sonotherapie-guide-complet-tout-savoir,sonotherapie-integrer-pratique-routine-etre
sonotherapie-guide-complet-tout-savoir,sonotherapie-comment-favorise-detente-mentale
sonotherapie-voyage-sonore-bienfaits-essentiels,sonotherapie-voyage-sonore-attenuer-douleurs
sonotherapie-influence-frequences-sonores-etre,sonotherapie-effets-voyages-sonores-emotions
sonotherapie-bain-gong-detoxification-corps,sonotherapie-bienfaits-nuit-gong-relaxation-guerison
sonotherapie-bain-gong-relaxation-profonde-explications,sonotherapie-effets-bain-gong-cycle-sommeil
sonotherapie-bain-gong-origine-bienfaits-usages,sonotherapie-origines-tradition-bain-gong
sonotherapie-athletes-peuvent-ameliorer-recuperation,sonotherapie-impact-emotions-resilience
sonotherapie-impact-emotions-resilience,sonotherapie-effets-long-terme-equilibre-emotionnel
sonotherapie-effets-long-terme-equilibre-emotionnel,sonotherapie-bienfaits-sante
sonotherapie-problemes-traiter-efficacement,sonotherapie-questions-poser-avant-commencer
sonotherapie-etablir-routine-apaisante-domicile,sonotherapie-problemes-traiter-efficacement
sonotherapie-bienfaits-voyage-sonore-immunite,sonotherapie-effets-systeme-immunitaire-expliques
sonotherapie-effets-systeme-immunitaire-expliques,sonotherapie-problemes-traiter-efficacement
sonotherapie-bienfaits-nuit-gong-relaxation-guerison,sonotherapie-bienfaits-bain-gong-etre-mental
sonotherapie-amenager-espace-soin-maison,sonotherapie-effectuer-seances-etre
sonotherapie-comment-favorise-detente-mentale,sonotherapie-comment-voyage-sonore-apaise-esprit
sonotherapie-effets-vibrations-gong-relaxation,sonotherapie-bienfaits-bain-gong-etre-mental
sonotherapie-bain-gong-relaxation-profonde-explications,sonotherapie-bain-gong-detoxification-corps
sonotherapie-combiner-meditation-sons-therapeutiques,sonotherapie-combiner-voyage-sonore-yoga
sonotherapie-precautions-pratique-domicile,sonotherapie-pratiquer-domicile
sonotherapie-effets-vibrations-gong-relaxation,sonotherapie-soulagement-douleurs-bain-gong
sonotherapie-comment-nuit-gong-influence-humeur-energie,sonotherapie-combiner-nuit-gong-relaxation-bon
sonotherapie-impact-emotions-resilience,sonotherapie-athletes-peuvent-ameliorer-recuperation
sonotherapie-signification-culturelle-nuit-gong,sonotherapie-origines-tradition-bain-gong
sonotherapie-etre-benefique-femmes-enceintes,sonotherapie-integrer-pratique-routine-etre
sonotherapie-influence-voyage-sonore-productivite,sonotherapie-comment-voyage-sonore-apaise-esprit
sonotherapie-precautions-pratique-domicile,sonotherapie-beneficier-seance
sonotherapie-comment-bain-gong-debloque-potentiel-creatif,sonotherapie-bain-gong-relaxation-profonde-explications
sonotherapie-bienfaits-voyage-sonore-immunite,sonotherapie-voyage-sonore-bienfaits-essentiels
sonotherapie-combiner-nuit-gong-relaxation-bon,sonotherapie-comment-nuit-gong-influence-humeur-energie
sonotherapie-bain-gong-relaxation-profonde-explications,sonotherapie-soulagement-douleurs-bain-gong
sonotherapie-voyage-sonore-attenuer-douleurs,sonotherapie-gestion-douleur-fonctionnement
sonotherapie-etapes-activites-nuit-gong,sonotherapie-bienfaits-nuit-gong-sommeil
sonotherapie-integrer-voyage-sonore-routine,sonotherapie-effets-voyages-sonores-emotions
sonotherapie-benefices-domicile,sonotherapie-problemes-traiter-efficacement
sonotherapie-bain-gong-origine-bienfaits-usages,sonotherapie-comment-bain-gong-debloque-potentiel-creatif
sonotherapie-nuit-gong-equilibrer-chakras-energies,sonotherapie-nuit-gong-purification-guerison
sonotherapie-comment-voyage-sonore-apaise-esprit,sonotherapie-influence-voyage-sonore-productivite
sonotherapie-effets-long-terme-equilibre-emotionnel,sonotherapie-beneficier-seance
sonotherapie-meilleur-environnement-nuit-gong,sonotherapie-deroulement-seance-bain-gong
sonotherapie-beneficier-seance,sonotherapie-problemes-traiter-efficacement
sonotherapie-influence-voyage-sonore-productivite,sonotherapie-bienfaits-voyage-sonore-immunite
sonotherapie-origines-tradition-bain-gong,sonotherapie-effets-bain-gong-cycle-sommeil
sonotherapie-combiner-meditation-sons-therapeutiques,sonotherapie-comment-favorise-detente-mentale
sonotherapie-completer-traitements-medicaux,sonotherapie-guide-complet-tout-savoir
sonotherapie-effets-voyages-sonores-emotions,sonotherapie-influence-voyage-sonore-productivite
sonotherapie-outils-essentiels-seance-maison,sonotherapie-instruments-utiliser-gongs-bols
sonotherapie-problemes-traiter-efficacement,sonotherapie-benefices-domicile
sonotherapie-types-gongs-effets-bains-gong,sonotherapie-comment-bain-gong-debloque-potentiel-creatif
sonotherapie-benefices-domicile,sonotherapie-effectuer-seances-etre
sonotherapie-etre-benefique-femmes-enceintes,sonotherapie-questions-poser-avant-commencer
sonotherapie-soulagement-douleurs-bain-gong,sonotherapie-effets-vibrations-gong-relaxation
sonotherapie-nuit-gong-purification-guerison,sonotherapie-bienfaits-nuit-gong-sommeil
sonotherapie-origines-tradition-bain-gong,sonotherapie-bain-gong-detoxification-corps
sonotherapie-comment-nuit-gong-influence-humeur-energie,sonotherapie-etapes-activites-nuit-gong
sonotherapie-voyage-sonore-bienfaits-essentiels,sonotherapie-effets-voyages-sonores-emotions
sonotherapie-bienfaits-nuit-gong-relaxation-guerison,sonotherapie-bain-gong-relaxation-profonde-explications
sonotherapie-precautions-prendre-avant-voyage-sonore,sonotherapie-comment-voyage-sonore-apaise-esprit
sonotherapie-signification-culturelle-nuit-gong,sonotherapie-nuit-gong-equilibrer-chakras-energies
sonotherapie-problemes-traiter-efficacement,sonotherapie-beneficier-seance
sonotherapie-comment-bain-gong-ameliore-concentration,sonotherapie-origines-tradition-bain-gong
sonotherapie-etre-benefique-femmes-enceintes,sonotherapie-comprendre-principes-mecanismes
sonotherapie-completer-traitements-medicaux,sonotherapie-integrer-pratique-routine-etre
sonotherapie-completer-traitements-medicaux,sonotherapie-comment-favorise-detente-mentale
sonotherapie-combiner-meditation-sons-therapeutiques,sonotherapie-questions-poser-avant-commencer
sonotherapie-types-gongs-effets-bains-gong,sonotherapie-bienfaits-nuit-gong-relaxation-guerison
sonotherapie-athletes-peuvent-ameliorer-recuperation,sonotherapie-integrer-pratique-routine-etre
sonotherapie-comment-voyage-sonore-apaise-esprit,sonotherapie-deroulement-seance-voyage-sonore
sonotherapie-amenager-espace-soin-maison,sonotherapie-deroulement-seance-voyage-sonore
sonotherapie-precautions-prendre-avant-voyage-sonore,sonotherapie-bienfaits-voyage-sonore-immunite
sonotherapie-problemes-traiter-efficacement,sonotherapie-guide-complet-tout-savoir
sonotherapie-amenager-espace-soin-maison,sonotherapie-integrer-pratique-routine-etre
sonotherapie-etre-benefique-femmes-enceintes,sonotherapie-bienfaits-sante
sonotherapie-precautions-prendre-avant-voyage-sonore,sonotherapie-voyages-sonores-ameliorent-concentration
sonotherapie-guide-complet-tout-savoir,sonotherapie-beneficier-seance
sonotherapie-integrer-voyage-sonore-routine,sonotherapie-comment-voyage-sonore-apaise-esprit
sonotherapie-comment-nuit-gong-influence-humeur-energie,sonotherapie-signification-culturelle-nuit-gong
sonotherapie-combiner-nuit-gong-relaxation-bon,sonotherapie-effets-vibrations-gong-relaxation
sonotherapie-instruments-utiliser-gongs-bols,sonotherapie-gestion-douleur-fonctionnement
sonotherapie-combiner-voyage-sonore-yoga,sonotherapie-voyage-sonore-attenuer-douleurs
sonotherapie-comment-voyage-sonore-apaise-esprit,sonotherapie-integrer-voyage-sonore-routine
sonotherapie-influence-frequences-sonores-etre,sonotherapie-impact-emotions-resilience
sonotherapie-integrer-voyage-sonore-routine,sonotherapie-bienfaits-voyage-sonore-immunite
sonotherapie-questions-poser-avant-commencer,sonotherapie-benefices-domicile
sonotherapie-deroulement-seance-bain-gong,sonotherapie-deroulement-seance-voyage-sonore
sonotherapie-voyage-sonore-attenuer-douleurs,sonotherapie-deroulement-seance-voyage-sonore
sonotherapie-integrer-voyage-sonore-routine,sonotherapie-voyages-sonores-ameliorent-concentration
sonotherapie-deroulement-seance-voyage-sonore,sonotherapie-comment-voyage-sonore-apaise-esprit
sonotherapie-effets-systeme-immunitaire-expliques,sonotherapie-bienfaits-voyage-sonore-immunite
sonotherapie-athletes-peuvent-ameliorer-recuperation,sonotherapie-questions-poser-avant-commencer
sonotherapie-amenager-espace-soin-maison,sonotherapie-questions-poser-avant-commencer
sonotherapie-integrer-pratique-routine-etre,sonotherapie-comment-favorise-detente-mentale
sonotherapie-bienfaits-bain-gong-etre-mental,sonotherapie-bienfaits-nuit-gong-relaxation-guerison
sonotherapie-bienfaits-sante,sonotherapie-beneficier-seance
sonotherapie-bienfaits-nuit-gong-relaxation-guerison,sonotherapie-effets-bain-gong-cycle-sommeil
sonotherapie-voyage-sonore-attenuer-douleurs,sonotherapie-integrer-voyage-sonore-routine
sonotherapie-gestion-douleur-fonctionnement,sonotherapie-questions-poser-avant-commencer
sonotherapie-effets-vibrations-gong-relaxation,sonotherapie-effets-bain-gong-cycle-sommeil
sonotherapie-impact-emotions-resilience,sonotherapie-integrer-pratique-routine-etre
sonotherapie-voyages-sonores-ameliorent-concentration,sonotherapie-voyage-sonore-bienfaits-essentiels
sonotherapie-bain-gong-detoxification-corps,sonotherapie-bain-gong-relaxation-profonde-explications
sonotherapie-etre-benefique-femmes-enceintes,sonotherapie-beneficier-seance
sonotherapie-comment-bain-gong-ameliore-concentration,sonotherapie-bain-gong-relaxation-profonde-explications
sonotherapie-bain-gong-origine-bienfaits-usages,sonotherapie-bain-gong-detoxification-corps
sonotherapie-athletes-peuvent-ameliorer-recuperation,sonotherapie-comprendre-principes-mecanismes
sonotherapie-pratiquer-domicile,sonotherapie-integrer-pratique-routine-etre
sonotherapie-etapes-activites-nuit-gong,sonotherapie-origines-tradition-bain-gong
sonotherapie-effets-bain-gong-cycle-sommeil,sonotherapie-bain-gong-relaxation-profonde-explications
sonotherapie-comprendre-principes-mecanismes,sonotherapie-attenuation-symptomes-depression
sonotherapie-signification-culturelle-nuit-gong,sonotherapie-comment-nuit-gong-influence-humeur-energie
sonotherapie-comprendre-principes-mecanismes,sonotherapie-problemes-traiter-efficacement
sonotherapie-bienfaits-nuit-gong-sommeil,sonotherapie-nuit-gong-purification-guerison
sonotherapie-nuit-gong-equilibrer-chakras-energies,sonotherapie-origines-tradition-bain-gong
sonotherapie-effets-vibrations-gong-relaxation,sonotherapie-bain-gong-origine-bienfaits-usages
sonotherapie-athletes-peuvent-ameliorer-recuperation,sonotherapie-bienfaits-sante
sonotherapie-effets-vibrations-gong-relaxation,sonotherapie-bain-gong-detoxification-corps
sonotherapie-adaptee-enfants,sonotherapie-questions-poser-avant-commencer
sonotherapie-effets-systeme-immunitaire-expliques,sonotherapie-athletes-peuvent-ameliorer-recuperation
sonotherapie-completer-traitements-medicaux,sonotherapie-problemes-traiter-efficacement
sonotherapie-etre-benefique-femmes-enceintes,sonotherapie-guide-complet-tout-savoir
sonotherapie-combiner-meditation-sons-therapeutiques,sonotherapie-beneficier-seance
sonotherapie-integrer-pratique-routine-etre,sonotherapie-questions-poser-avant-commencer
sonotherapie-comprendre-principes-mecanismes,sonotherapie-impact-emotions-resilience
sonotherapie-attenuation-symptomes-depression,sonotherapie-integrer-pratique-routine-etre
sonotherapie-bain-gong-origine-bienfaits-usages,sonotherapie-soulagement-douleurs-bain-gong
sonotherapie-deroulement-seance-bain-gong,sonotherapie-etablir-routine-apaisante-domicile
sonotherapie-nuit-gong-purification-guerison,sonotherapie-origines-tradition-bain-gong
sonotherapie-comment-favorise-detente-mentale,sonotherapie-integrer-pratique-routine-etre
sonotherapie-adaptee-enfants,sonotherapie-comprendre-principes-mecanismes
sonotherapie-precautions-pratique-domicile,sonotherapie-effectuer-seances-etre
sonotherapie-impact-emotions-resilience,sonotherapie-questions-poser-avant-commencer
sonotherapie-comment-bain-gong-reduit-stress-anxiete,sonotherapie-bain-gong-origine-bienfaits-usages
sonotherapie-effets-long-terme-equilibre-emotionnel,sonotherapie-impact-emotions-resilience
sonotherapie-questions-poser-avant-commencer,sonotherapie-integrer-pratique-routine-etre
sonotherapie-integrer-pratique-routine-etre,sonotherapie-etablir-routine-apaisante-domicile
sonotherapie-combiner-meditation-sons-therapeutiques,sonotherapie-guide-complet-tout-savoir
sonotherapie-soulagement-douleurs-bain-gong,sonotherapie-bain-gong-origine-bienfaits-usages
sonotherapie-etablir-routine-apaisante-domicile,sonotherapie-effectuer-seances-etre
sonotherapie-combiner-voyage-sonore-yoga,sonotherapie-combiner-meditation-sons-therapeutiques
sonotherapie-bain-gong-origine-bienfaits-usages,sonotherapie-effets-vibrations-gong-relaxation
sonotherapie-combiner-voyage-sonore-yoga,sonotherapie-effets-voyages-sonores-emotions
sonotherapie-instruments-utiliser-gongs-bols,sonotherapie-comment-favorise-detente-mentale
sonotherapie-impact-emotions-resilience,sonotherapie-comprendre-principes-mecanismes
sonotherapie-effectuer-seances-etre,sonotherapie-integrer-pratique-routine-etre
sonotherapie-voyage-sonore-attenuer-douleurs,sonotherapie-problemes-traiter-efficacement
sonotherapie-attenuation-symptomes-depression,sonotherapie-questions-poser-avant-commencer
sonotherapie-influence-frequences-sonores-etre,sonotherapie-comment-voyage-sonore-apaise-esprit
sonotherapie-completer-traitements-medicaux,sonotherapie-combiner-meditation-sons-therapeutiques
sonotherapie-influence-voyage-sonore-productivite,sonotherapie-voyages-sonores-ameliorent-concentration
sonotherapie-comment-favorise-detente-mentale,sonotherapie-questions-poser-avant-commencer
sonotherapie-bienfaits-nuit-gong-sommeil,sonotherapie-effets-bain-gong-cycle-sommeil
